source,target,attributes,relation_type
235557,235762,{'time': 2.360190352500001},RELATED_TO
235557,235822,{'time': 2.360190352500001},RELATED_TO
235557,235843,{'time': 2.360190352500001},RELATED_TO
235557,235802,{'time': 2.360190352500001},RELATED_TO
235557,235863,{'time': 2.360190352500001},RELATED_TO
235557,235782,{'time': 2.360190352500001},RELATED_TO
235577,235762,{'time': 2.360190352500001},RELATED_TO
235577,235822,{'time': 2.360190352500001},RELATED_TO
235577,235843,{'time': 2.360190352500001},RELATED_TO
235577,235802,{'time': 2.360190352500001},RELATED_TO
235577,235863,{'time': 2.360190352500001},RELATED_TO
235577,235782,{'time': 2.360190352500001},RELATED_TO
235618,235762,{'time': 2.360190352500001},RELATED_TO
235618,235822,{'time': 2.360190352500001},RELATED_TO
235618,235843,{'time': 2.360190352500001},RELATED_TO
235618,235802,{'time': 2.360190352500001},RELATED_TO
235618,235863,{'time': 2.360190352500001},RELATED_TO
235618,235782,{'time': 2.360190352500001},RELATED_TO
235598,235762,{'time': 2.360190352500001},RELATED_TO
235598,235822,{'time': 2.360190352500001},RELATED_TO
235598,235843,{'time': 2.360190352500001},RELATED_TO
235598,235802,{'time': 2.360190352500001},RELATED_TO
235598,235863,{'time': 2.360190352500001},RELATED_TO
235598,235782,{'time': 2.360190352500001},RELATED_TO
235762,270152,{'time': 96.8256},RELATED_TO
235822,270152,{'time': 96.8256},RELATED_TO
235843,270152,{'time': 96.8256},RELATED_TO
235802,270152,{'time': 96.8256},RELATED_TO
235863,270152,{'time': 96.8256},RELATED_TO
235782,270152,{'time': 96.8256},RELATED_TO
270152,239007,{'time': 1.6655642200293137},RELATED_TO
270152,238996,{'time': 1.6655642200293137},RELATED_TO
270152,239030,{'time': 1.6655642200293137},RELATED_TO
270152,239019,{'time': 1.6655642200293137},RELATED_TO
270152,239041,{'time': 1.6655642200293137},RELATED_TO
270152,239086,{'time': 1.6655642200293137},RELATED_TO
270152,239883,{'time': 1.6655642200293137},RELATED_TO
239007,235883,{'time': 2.360190352500001},RELATED_TO
239007,235904,{'time': 2.360190352500001},RELATED_TO
239007,235944,{'time': 2.360190352500001},RELATED_TO
239007,235924,{'time': 2.360190352500001},RELATED_TO
239007,235964,{'time': 2.360190352500001},RELATED_TO
239007,235984,{'time': 2.360190352500001},RELATED_TO
238996,235883,{'time': 2.360190352500001},RELATED_TO
238996,235904,{'time': 2.360190352500001},RELATED_TO
238996,235944,{'time': 2.360190352500001},RELATED_TO
238996,235924,{'time': 2.360190352500001},RELATED_TO
238996,235964,{'time': 2.360190352500001},RELATED_TO
238996,235984,{'time': 2.360190352500001},RELATED_TO
239030,235883,{'time': 2.360190352500001},RELATED_TO
239030,235904,{'time': 2.360190352500001},RELATED_TO
239030,235944,{'time': 2.360190352500001},RELATED_TO
239030,235924,{'time': 2.360190352500001},RELATED_TO
239030,235964,{'time': 2.360190352500001},RELATED_TO
239030,235984,{'time': 2.360190352500001},RELATED_TO
239019,235883,{'time': 2.360190352500001},RELATED_TO
239019,235904,{'time': 2.360190352500001},RELATED_TO
239019,235944,{'time': 2.360190352500001},RELATED_TO
239019,235924,{'time': 2.360190352500001},RELATED_TO
239019,235964,{'time': 2.360190352500001},RELATED_TO
239019,235984,{'time': 2.360190352500001},RELATED_TO
239041,235883,{'time': 2.360190352500001},RELATED_TO
239041,235904,{'time': 2.360190352500001},RELATED_TO
239041,235944,{'time': 2.360190352500001},RELATED_TO
239041,235924,{'time': 2.360190352500001},RELATED_TO
239041,235964,{'time': 2.360190352500001},RELATED_TO
239041,235984,{'time': 2.360190352500001},RELATED_TO
239086,235883,{'time': 2.360190352500001},RELATED_TO
239086,235904,{'time': 2.360190352500001},RELATED_TO
239086,235944,{'time': 2.360190352500001},RELATED_TO
239086,235924,{'time': 2.360190352500001},RELATED_TO
239086,235964,{'time': 2.360190352500001},RELATED_TO
239086,235984,{'time': 2.360190352500001},RELATED_TO
239883,235883,{'time': 2.360190352500001},RELATED_TO
239883,235904,{'time': 2.360190352500001},RELATED_TO
239883,235944,{'time': 2.360190352500001},RELATED_TO
239883,235924,{'time': 2.360190352500001},RELATED_TO
239883,235964,{'time': 2.360190352500001},RELATED_TO
239883,235984,{'time': 2.360190352500001},RELATED_TO
235883,281831,{'time': 9.682559999999999},RELATED_TO
235883,282934,{'time': 4.841279999999999},RELATED_TO
235883,283582,{'time': 4.841279999999999},RELATED_TO
235883,283668,{'time': 4.841279999999999},RELATED_TO
235883,283708,{'time': 4.841279999999999},RELATED_TO
235883,283748,{'time': 4.841279999999999},RELATED_TO
235883,283486,{'time': 9.682559999999999},RELATED_TO
235883,283792,{'time': 4.841279999999999},RELATED_TO
235883,283994,{'time': 4.841279999999999},RELATED_TO
235883,283872,{'time': 4.841279999999999},RELATED_TO
235883,283910,{'time': 4.841279999999999},RELATED_TO
235883,284036,{'time': 4.841279999999999},RELATED_TO
235904,281831,{'time': 9.682559999999999},RELATED_TO
235904,282934,{'time': 4.841279999999999},RELATED_TO
235904,283582,{'time': 4.841279999999999},RELATED_TO
235904,283668,{'time': 4.841279999999999},RELATED_TO
235904,283708,{'time': 4.841279999999999},RELATED_TO
235904,283748,{'time': 4.841279999999999},RELATED_TO
235904,283486,{'time': 9.682559999999999},RELATED_TO
235904,283792,{'time': 4.841279999999999},RELATED_TO
235904,283994,{'time': 4.841279999999999},RELATED_TO
235904,283872,{'time': 4.841279999999999},RELATED_TO
235904,283910,{'time': 4.841279999999999},RELATED_TO
235904,284036,{'time': 4.841279999999999},RELATED_TO
235944,281831,{'time': 9.682559999999999},RELATED_TO
235944,282934,{'time': 4.841279999999999},RELATED_TO
235944,283582,{'time': 4.841279999999999},RELATED_TO
235944,283668,{'time': 4.841279999999999},RELATED_TO
235944,283708,{'time': 4.841279999999999},RELATED_TO
235944,283748,{'time': 4.841279999999999},RELATED_TO
235944,283486,{'time': 9.682559999999999},RELATED_TO
235944,283792,{'time': 4.841279999999999},RELATED_TO
235944,283994,{'time': 4.841279999999999},RELATED_TO
235944,283872,{'time': 4.841279999999999},RELATED_TO
235944,283910,{'time': 4.841279999999999},RELATED_TO
235944,284036,{'time': 4.841279999999999},RELATED_TO
235924,281831,{'time': 9.682559999999999},RELATED_TO
235924,282934,{'time': 4.841279999999999},RELATED_TO
235924,283582,{'time': 4.841279999999999},RELATED_TO
235924,283668,{'time': 4.841279999999999},RELATED_TO
235924,283708,{'time': 4.841279999999999},RELATED_TO
235924,283748,{'time': 4.841279999999999},RELATED_TO
235924,283486,{'time': 9.682559999999999},RELATED_TO
235924,283792,{'time': 4.841279999999999},RELATED_TO
235924,283994,{'time': 4.841279999999999},RELATED_TO
235924,283872,{'time': 4.841279999999999},RELATED_TO
235924,283910,{'time': 4.841279999999999},RELATED_TO
235924,284036,{'time': 4.841279999999999},RELATED_TO
235964,281831,{'time': 9.682559999999999},RELATED_TO
235964,282934,{'time': 4.841279999999999},RELATED_TO
235964,283582,{'time': 4.841279999999999},RELATED_TO
235964,283668,{'time': 4.841279999999999},RELATED_TO
235964,283708,{'time': 4.841279999999999},RELATED_TO
235964,283748,{'time': 4.841279999999999},RELATED_TO
235964,283486,{'time': 9.682559999999999},RELATED_TO
235964,283792,{'time': 4.841279999999999},RELATED_TO
235964,283994,{'time': 4.841279999999999},RELATED_TO
235964,283872,{'time': 4.841279999999999},RELATED_TO
235964,283910,{'time': 4.841279999999999},RELATED_TO
235964,284036,{'time': 4.841279999999999},RELATED_TO
235984,281831,{'time': 9.682559999999999},RELATED_TO
235984,282934,{'time': 4.841279999999999},RELATED_TO
235984,283582,{'time': 4.841279999999999},RELATED_TO
235984,283668,{'time': 4.841279999999999},RELATED_TO
235984,283708,{'time': 4.841279999999999},RELATED_TO
235984,283748,{'time': 4.841279999999999},RELATED_TO
235984,283486,{'time': 9.682559999999999},RELATED_TO
235984,283792,{'time': 4.841279999999999},RELATED_TO
235984,283994,{'time': 4.841279999999999},RELATED_TO
235984,283872,{'time': 4.841279999999999},RELATED_TO
235984,283910,{'time': 4.841279999999999},RELATED_TO
235984,284036,{'time': 4.841279999999999},RELATED_TO
281831,240187,{'time': 1.6655642200293137},RELATED_TO
281831,240197,{'time': 1.6655642200293137},RELATED_TO
281831,240221,{'time': 1.6655642200293137},RELATED_TO
281831,240231,{'time': 1.6655642200293137},RELATED_TO
281831,240209,{'time': 1.6655642200293137},RELATED_TO
281831,240411,{'time': 1.6655642200293137},RELATED_TO
281831,240703,{'time': 1.6655642200293137},RELATED_TO
282934,240187,{'time': 1.6655642200293137},RELATED_TO
282934,240197,{'time': 1.6655642200293137},RELATED_TO
282934,240221,{'time': 1.6655642200293137},RELATED_TO
282934,240231,{'time': 1.6655642200293137},RELATED_TO
282934,240209,{'time': 1.6655642200293137},RELATED_TO
282934,240411,{'time': 1.6655642200293137},RELATED_TO
282934,240703,{'time': 1.6655642200293137},RELATED_TO
283582,240187,{'time': 1.6655642200293137},RELATED_TO
283582,240197,{'time': 1.6655642200293137},RELATED_TO
283582,240221,{'time': 1.6655642200293137},RELATED_TO
283582,240231,{'time': 1.6655642200293137},RELATED_TO
283582,240209,{'time': 1.6655642200293137},RELATED_TO
283582,240411,{'time': 1.6655642200293137},RELATED_TO
283582,240703,{'time': 1.6655642200293137},RELATED_TO
283668,240187,{'time': 1.6655642200293137},RELATED_TO
283668,240197,{'time': 1.6655642200293137},RELATED_TO
283668,240221,{'time': 1.6655642200293137},RELATED_TO
283668,240231,{'time': 1.6655642200293137},RELATED_TO
283668,240209,{'time': 1.6655642200293137},RELATED_TO
283668,240411,{'time': 1.6655642200293137},RELATED_TO
283668,240703,{'time': 1.6655642200293137},RELATED_TO
283708,240187,{'time': 1.6655642200293137},RELATED_TO
283708,240197,{'time': 1.6655642200293137},RELATED_TO
283708,240221,{'time': 1.6655642200293137},RELATED_TO
283708,240231,{'time': 1.6655642200293137},RELATED_TO
283708,240209,{'time': 1.6655642200293137},RELATED_TO
283708,240411,{'time': 1.6655642200293137},RELATED_TO
283708,240703,{'time': 1.6655642200293137},RELATED_TO
283748,240187,{'time': 1.6655642200293137},RELATED_TO
283748,240197,{'time': 1.6655642200293137},RELATED_TO
283748,240221,{'time': 1.6655642200293137},RELATED_TO
283748,240231,{'time': 1.6655642200293137},RELATED_TO
283748,240209,{'time': 1.6655642200293137},RELATED_TO
283748,240411,{'time': 1.6655642200293137},RELATED_TO
283748,240703,{'time': 1.6655642200293137},RELATED_TO
283486,240187,{'time': 1.6655642200293137},RELATED_TO
283486,240197,{'time': 1.6655642200293137},RELATED_TO
283486,240221,{'time': 1.6655642200293137},RELATED_TO
283486,240231,{'time': 1.6655642200293137},RELATED_TO
283486,240209,{'time': 1.6655642200293137},RELATED_TO
283486,240411,{'time': 1.6655642200293137},RELATED_TO
283486,240703,{'time': 1.6655642200293137},RELATED_TO
283792,240187,{'time': 1.6655642200293137},RELATED_TO
283792,240197,{'time': 1.6655642200293137},RELATED_TO
283792,240221,{'time': 1.6655642200293137},RELATED_TO
283792,240231,{'time': 1.6655642200293137},RELATED_TO
283792,240209,{'time': 1.6655642200293137},RELATED_TO
283792,240411,{'time': 1.6655642200293137},RELATED_TO
283792,240703,{'time': 1.6655642200293137},RELATED_TO
283994,240187,{'time': 1.6655642200293137},RELATED_TO
283994,240197,{'time': 1.6655642200293137},RELATED_TO
283994,240221,{'time': 1.6655642200293137},RELATED_TO
283994,240231,{'time': 1.6655642200293137},RELATED_TO
283994,240209,{'time': 1.6655642200293137},RELATED_TO
283994,240411,{'time': 1.6655642200293137},RELATED_TO
283994,240703,{'time': 1.6655642200293137},RELATED_TO
283872,240187,{'time': 1.6655642200293137},RELATED_TO
283872,240197,{'time': 1.6655642200293137},RELATED_TO
283872,240221,{'time': 1.6655642200293137},RELATED_TO
283872,240231,{'time': 1.6655642200293137},RELATED_TO
283872,240209,{'time': 1.6655642200293137},RELATED_TO
283872,240411,{'time': 1.6655642200293137},RELATED_TO
283872,240703,{'time': 1.6655642200293137},RELATED_TO
283910,240187,{'time': 1.6655642200293137},RELATED_TO
283910,240197,{'time': 1.6655642200293137},RELATED_TO
283910,240221,{'time': 1.6655642200293137},RELATED_TO
283910,240231,{'time': 1.6655642200293137},RELATED_TO
283910,240209,{'time': 1.6655642200293137},RELATED_TO
283910,240411,{'time': 1.6655642200293137},RELATED_TO
283910,240703,{'time': 1.6655642200293137},RELATED_TO
284036,240187,{'time': 1.6655642200293137},RELATED_TO
284036,240197,{'time': 1.6655642200293137},RELATED_TO
284036,240221,{'time': 1.6655642200293137},RELATED_TO
284036,240231,{'time': 1.6655642200293137},RELATED_TO
284036,240209,{'time': 1.6655642200293137},RELATED_TO
284036,240411,{'time': 1.6655642200293137},RELATED_TO
284036,240703,{'time': 1.6655642200293137},RELATED_TO
240187,236025,{'time': 2.360190352500001},RELATED_TO
240187,236005,{'time': 2.360190352500001},RELATED_TO
240187,236045,{'time': 2.360190352500001},RELATED_TO
240187,236086,{'time': 2.360190352500001},RELATED_TO
240187,236066,{'time': 2.360190352500001},RELATED_TO
240187,236106,{'time': 2.360190352500001},RELATED_TO
240197,236025,{'time': 2.360190352500001},RELATED_TO
240197,236005,{'time': 2.360190352500001},RELATED_TO
240197,236045,{'time': 2.360190352500001},RELATED_TO
240197,236086,{'time': 2.360190352500001},RELATED_TO
240197,236066,{'time': 2.360190352500001},RELATED_TO
240197,236106,{'time': 2.360190352500001},RELATED_TO
240221,236025,{'time': 2.360190352500001},RELATED_TO
240221,236005,{'time': 2.360190352500001},RELATED_TO
240221,236045,{'time': 2.360190352500001},RELATED_TO
240221,236086,{'time': 2.360190352500001},RELATED_TO
240221,236066,{'time': 2.360190352500001},RELATED_TO
240221,236106,{'time': 2.360190352500001},RELATED_TO
240231,236025,{'time': 2.360190352500001},RELATED_TO
240231,236005,{'time': 2.360190352500001},RELATED_TO
240231,236045,{'time': 2.360190352500001},RELATED_TO
240231,236086,{'time': 2.360190352500001},RELATED_TO
240231,236066,{'time': 2.360190352500001},RELATED_TO
240231,236106,{'time': 2.360190352500001},RELATED_TO
240209,236025,{'time': 2.360190352500001},RELATED_TO
240209,236005,{'time': 2.360190352500001},RELATED_TO
240209,236045,{'time': 2.360190352500001},RELATED_TO
240209,236086,{'time': 2.360190352500001},RELATED_TO
240209,236066,{'time': 2.360190352500001},RELATED_TO
240209,236106,{'time': 2.360190352500001},RELATED_TO
240411,236025,{'time': 2.360190352500001},RELATED_TO
240411,236005,{'time': 2.360190352500001},RELATED_TO
240411,236045,{'time': 2.360190352500001},RELATED_TO
240411,236086,{'time': 2.360190352500001},RELATED_TO
240411,236066,{'time': 2.360190352500001},RELATED_TO
240411,236106,{'time': 2.360190352500001},RELATED_TO
240703,236025,{'time': 2.360190352500001},RELATED_TO
240703,236005,{'time': 2.360190352500001},RELATED_TO
240703,236045,{'time': 2.360190352500001},RELATED_TO
240703,236086,{'time': 2.360190352500001},RELATED_TO
240703,236066,{'time': 2.360190352500001},RELATED_TO
240703,236106,{'time': 2.360190352500001},RELATED_TO
236025,286271,{'time': 24.2064},RELATED_TO
236025,286578,{'time': 4.841279999999999},RELATED_TO
236025,286811,{'time': 9.682559999999999},RELATED_TO
236025,286731,{'time': 9.682559999999999},RELATED_TO
236025,286895,{'time': 4.841279999999999},RELATED_TO
236025,286963,{'time': 4.841279999999999},RELATED_TO
236005,286271,{'time': 24.2064},RELATED_TO
236005,286578,{'time': 4.841279999999999},RELATED_TO
236005,286811,{'time': 9.682559999999999},RELATED_TO
236005,286731,{'time': 9.682559999999999},RELATED_TO
236005,286895,{'time': 4.841279999999999},RELATED_TO
236005,286963,{'time': 4.841279999999999},RELATED_TO
236045,286271,{'time': 24.2064},RELATED_TO
236045,286578,{'time': 4.841279999999999},RELATED_TO
236045,286811,{'time': 9.682559999999999},RELATED_TO
236045,286731,{'time': 9.682559999999999},RELATED_TO
236045,286895,{'time': 4.841279999999999},RELATED_TO
236045,286963,{'time': 4.841279999999999},RELATED_TO
236086,286271,{'time': 24.2064},RELATED_TO
236086,286578,{'time': 4.841279999999999},RELATED_TO
236086,286811,{'time': 9.682559999999999},RELATED_TO
236086,286731,{'time': 9.682559999999999},RELATED_TO
236086,286895,{'time': 4.841279999999999},RELATED_TO
236086,286963,{'time': 4.841279999999999},RELATED_TO
236066,286271,{'time': 24.2064},RELATED_TO
236066,286578,{'time': 4.841279999999999},RELATED_TO
236066,286811,{'time': 9.682559999999999},RELATED_TO
236066,286731,{'time': 9.682559999999999},RELATED_TO
236066,286895,{'time': 4.841279999999999},RELATED_TO
236066,286963,{'time': 4.841279999999999},RELATED_TO
236106,286271,{'time': 24.2064},RELATED_TO
236106,286578,{'time': 4.841279999999999},RELATED_TO
236106,286811,{'time': 9.682559999999999},RELATED_TO
236106,286731,{'time': 9.682559999999999},RELATED_TO
236106,286895,{'time': 4.841279999999999},RELATED_TO
236106,286963,{'time': 4.841279999999999},RELATED_TO
286271,240917,{'time': 1.6655642200293137},RELATED_TO
286271,240941,{'time': 1.6655642200293137},RELATED_TO
286271,240929,{'time': 1.6655642200293137},RELATED_TO
286271,240907,{'time': 1.6655642200293137},RELATED_TO
286271,240951,{'time': 1.6655642200293137},RELATED_TO
286271,241075,{'time': 1.6655642200293137},RELATED_TO
286271,241267,{'time': 1.6655642200293137},RELATED_TO
286578,240917,{'time': 1.6655642200293137},RELATED_TO
286578,240941,{'time': 1.6655642200293137},RELATED_TO
286578,240929,{'time': 1.6655642200293137},RELATED_TO
286578,240907,{'time': 1.6655642200293137},RELATED_TO
286578,240951,{'time': 1.6655642200293137},RELATED_TO
286578,241075,{'time': 1.6655642200293137},RELATED_TO
286578,241267,{'time': 1.6655642200293137},RELATED_TO
286811,240917,{'time': 1.6655642200293137},RELATED_TO
286811,240941,{'time': 1.6655642200293137},RELATED_TO
286811,240929,{'time': 1.6655642200293137},RELATED_TO
286811,240907,{'time': 1.6655642200293137},RELATED_TO
286811,240951,{'time': 1.6655642200293137},RELATED_TO
286811,241075,{'time': 1.6655642200293137},RELATED_TO
286811,241267,{'time': 1.6655642200293137},RELATED_TO
286731,240917,{'time': 1.6655642200293137},RELATED_TO
286731,240941,{'time': 1.6655642200293137},RELATED_TO
286731,240929,{'time': 1.6655642200293137},RELATED_TO
286731,240907,{'time': 1.6655642200293137},RELATED_TO
286731,240951,{'time': 1.6655642200293137},RELATED_TO
286731,241075,{'time': 1.6655642200293137},RELATED_TO
286731,241267,{'time': 1.6655642200293137},RELATED_TO
286895,240917,{'time': 1.6655642200293137},RELATED_TO
286895,240941,{'time': 1.6655642200293137},RELATED_TO
286895,240929,{'time': 1.6655642200293137},RELATED_TO
286895,240907,{'time': 1.6655642200293137},RELATED_TO
286895,240951,{'time': 1.6655642200293137},RELATED_TO
286895,241075,{'time': 1.6655642200293137},RELATED_TO
286895,241267,{'time': 1.6655642200293137},RELATED_TO
286963,240917,{'time': 1.6655642200293137},RELATED_TO
286963,240941,{'time': 1.6655642200293137},RELATED_TO
286963,240929,{'time': 1.6655642200293137},RELATED_TO
286963,240907,{'time': 1.6655642200293137},RELATED_TO
286963,240951,{'time': 1.6655642200293137},RELATED_TO
286963,241075,{'time': 1.6655642200293137},RELATED_TO
286963,241267,{'time': 1.6655642200293137},RELATED_TO
240917,236167,{'time': 2.360190352500001},RELATED_TO
240917,236126,{'time': 2.360190352500001},RELATED_TO
240917,236146,{'time': 2.360190352500001},RELATED_TO
240917,236207,{'time': 2.360190352500001},RELATED_TO
240917,236187,{'time': 2.360190352500001},RELATED_TO
240917,236228,{'time': 2.360190352500001},RELATED_TO
240941,236167,{'time': 2.360190352500001},RELATED_TO
240941,236126,{'time': 2.360190352500001},RELATED_TO
240941,236146,{'time': 2.360190352500001},RELATED_TO
240941,236207,{'time': 2.360190352500001},RELATED_TO
240941,236187,{'time': 2.360190352500001},RELATED_TO
240941,236228,{'time': 2.360190352500001},RELATED_TO
240929,236167,{'time': 2.360190352500001},RELATED_TO
240929,236126,{'time': 2.360190352500001},RELATED_TO
240929,236146,{'time': 2.360190352500001},RELATED_TO
240929,236207,{'time': 2.360190352500001},RELATED_TO
240929,236187,{'time': 2.360190352500001},RELATED_TO
240929,236228,{'time': 2.360190352500001},RELATED_TO
240907,236167,{'time': 2.360190352500001},RELATED_TO
240907,236126,{'time': 2.360190352500001},RELATED_TO
240907,236146,{'time': 2.360190352500001},RELATED_TO
240907,236207,{'time': 2.360190352500001},RELATED_TO
240907,236187,{'time': 2.360190352500001},RELATED_TO
240907,236228,{'time': 2.360190352500001},RELATED_TO
240951,236167,{'time': 2.360190352500001},RELATED_TO
240951,236126,{'time': 2.360190352500001},RELATED_TO
240951,236146,{'time': 2.360190352500001},RELATED_TO
240951,236207,{'time': 2.360190352500001},RELATED_TO
240951,236187,{'time': 2.360190352500001},RELATED_TO
240951,236228,{'time': 2.360190352500001},RELATED_TO
241075,236167,{'time': 2.360190352500001},RELATED_TO
241075,236126,{'time': 2.360190352500001},RELATED_TO
241075,236146,{'time': 2.360190352500001},RELATED_TO
241075,236207,{'time': 2.360190352500001},RELATED_TO
241075,236187,{'time': 2.360190352500001},RELATED_TO
241075,236228,{'time': 2.360190352500001},RELATED_TO
241267,236167,{'time': 2.360190352500001},RELATED_TO
241267,236126,{'time': 2.360190352500001},RELATED_TO
241267,236146,{'time': 2.360190352500001},RELATED_TO
241267,236207,{'time': 2.360190352500001},RELATED_TO
241267,236187,{'time': 2.360190352500001},RELATED_TO
241267,236228,{'time': 2.360190352500001},RELATED_TO
236167,288032,{'time': 4.841279999999999},RELATED_TO
236167,288053,{'time': 4.841279999999999},RELATED_TO
236167,288153,{'time': 9.682559999999999},RELATED_TO
236167,288243,{'time': 9.682559999999999},RELATED_TO
236167,288297,{'time': 4.841279999999999},RELATED_TO
236167,288315,{'time': 9.682559999999999},RELATED_TO
236167,288333,{'time': 4.841279999999999},RELATED_TO
236167,288351,{'time': 4.841279999999999},RELATED_TO
236167,288405,{'time': 4.841279999999999},RELATED_TO
236167,288387,{'time': 4.841279999999999},RELATED_TO
236167,288369,{'time': 4.841279999999999},RELATED_TO
236167,288423,{'time': 4.841279999999999},RELATED_TO
236126,288032,{'time': 4.841279999999999},RELATED_TO
236126,288053,{'time': 4.841279999999999},RELATED_TO
236126,288153,{'time': 9.682559999999999},RELATED_TO
236126,288243,{'time': 9.682559999999999},RELATED_TO
236126,288297,{'time': 4.841279999999999},RELATED_TO
236126,288315,{'time': 9.682559999999999},RELATED_TO
236126,288333,{'time': 4.841279999999999},RELATED_TO
236126,288351,{'time': 4.841279999999999},RELATED_TO
236126,288405,{'time': 4.841279999999999},RELATED_TO
236126,288387,{'time': 4.841279999999999},RELATED_TO
236126,288369,{'time': 4.841279999999999},RELATED_TO
236126,288423,{'time': 4.841279999999999},RELATED_TO
236146,288032,{'time': 4.841279999999999},RELATED_TO
236146,288053,{'time': 4.841279999999999},RELATED_TO
236146,288153,{'time': 9.682559999999999},RELATED_TO
236146,288243,{'time': 9.682559999999999},RELATED_TO
236146,288297,{'time': 4.841279999999999},RELATED_TO
236146,288315,{'time': 9.682559999999999},RELATED_TO
236146,288333,{'time': 4.841279999999999},RELATED_TO
236146,288351,{'time': 4.841279999999999},RELATED_TO
236146,288405,{'time': 4.841279999999999},RELATED_TO
236146,288387,{'time': 4.841279999999999},RELATED_TO
236146,288369,{'time': 4.841279999999999},RELATED_TO
236146,288423,{'time': 4.841279999999999},RELATED_TO
236207,288032,{'time': 4.841279999999999},RELATED_TO
236207,288053,{'time': 4.841279999999999},RELATED_TO
236207,288153,{'time': 9.682559999999999},RELATED_TO
236207,288243,{'time': 9.682559999999999},RELATED_TO
236207,288297,{'time': 4.841279999999999},RELATED_TO
236207,288315,{'time': 9.682559999999999},RELATED_TO
236207,288333,{'time': 4.841279999999999},RELATED_TO
236207,288351,{'time': 4.841279999999999},RELATED_TO
236207,288405,{'time': 4.841279999999999},RELATED_TO
236207,288387,{'time': 4.841279999999999},RELATED_TO
236207,288369,{'time': 4.841279999999999},RELATED_TO
236207,288423,{'time': 4.841279999999999},RELATED_TO
236187,288032,{'time': 4.841279999999999},RELATED_TO
236187,288053,{'time': 4.841279999999999},RELATED_TO
236187,288153,{'time': 9.682559999999999},RELATED_TO
236187,288243,{'time': 9.682559999999999},RELATED_TO
236187,288297,{'time': 4.841279999999999},RELATED_TO
236187,288315,{'time': 9.682559999999999},RELATED_TO
236187,288333,{'time': 4.841279999999999},RELATED_TO
236187,288351,{'time': 4.841279999999999},RELATED_TO
236187,288405,{'time': 4.841279999999999},RELATED_TO
236187,288387,{'time': 4.841279999999999},RELATED_TO
236187,288369,{'time': 4.841279999999999},RELATED_TO
236187,288423,{'time': 4.841279999999999},RELATED_TO
236228,288032,{'time': 4.841279999999999},RELATED_TO
236228,288053,{'time': 4.841279999999999},RELATED_TO
236228,288153,{'time': 9.682559999999999},RELATED_TO
236228,288243,{'time': 9.682559999999999},RELATED_TO
236228,288297,{'time': 4.841279999999999},RELATED_TO
236228,288315,{'time': 9.682559999999999},RELATED_TO
236228,288333,{'time': 4.841279999999999},RELATED_TO
236228,288351,{'time': 4.841279999999999},RELATED_TO
236228,288405,{'time': 4.841279999999999},RELATED_TO
236228,288387,{'time': 4.841279999999999},RELATED_TO
236228,288369,{'time': 4.841279999999999},RELATED_TO
236228,288423,{'time': 4.841279999999999},RELATED_TO
288032,241289,{'time': 1.6655642200293137},RELATED_TO
288032,241277,{'time': 1.6655642200293137},RELATED_TO
288032,241379,{'time': 1.6655642200293137},RELATED_TO
288032,241367,{'time': 1.6655642200293137},RELATED_TO
288032,241481,{'time': 1.6655642200293137},RELATED_TO
288032,241491,{'time': 1.6655642200293137},RELATED_TO
288032,241637,{'time': 1.6655642200293137},RELATED_TO
288053,241289,{'time': 1.6655642200293137},RELATED_TO
288053,241277,{'time': 1.6655642200293137},RELATED_TO
288053,241379,{'time': 1.6655642200293137},RELATED_TO
288053,241367,{'time': 1.6655642200293137},RELATED_TO
288053,241481,{'time': 1.6655642200293137},RELATED_TO
288053,241491,{'time': 1.6655642200293137},RELATED_TO
288053,241637,{'time': 1.6655642200293137},RELATED_TO
288153,241289,{'time': 1.6655642200293137},RELATED_TO
288153,241277,{'time': 1.6655642200293137},RELATED_TO
288153,241379,{'time': 1.6655642200293137},RELATED_TO
288153,241367,{'time': 1.6655642200293137},RELATED_TO
288153,241481,{'time': 1.6655642200293137},RELATED_TO
288153,241491,{'time': 1.6655642200293137},RELATED_TO
288153,241637,{'time': 1.6655642200293137},RELATED_TO
288243,241289,{'time': 1.6655642200293137},RELATED_TO
288243,241277,{'time': 1.6655642200293137},RELATED_TO
288243,241379,{'time': 1.6655642200293137},RELATED_TO
288243,241367,{'time': 1.6655642200293137},RELATED_TO
288243,241481,{'time': 1.6655642200293137},RELATED_TO
288243,241491,{'time': 1.6655642200293137},RELATED_TO
288243,241637,{'time': 1.6655642200293137},RELATED_TO
288297,241289,{'time': 1.6655642200293137},RELATED_TO
288297,241277,{'time': 1.6655642200293137},RELATED_TO
288297,241379,{'time': 1.6655642200293137},RELATED_TO
288297,241367,{'time': 1.6655642200293137},RELATED_TO
288297,241481,{'time': 1.6655642200293137},RELATED_TO
288297,241491,{'time': 1.6655642200293137},RELATED_TO
288297,241637,{'time': 1.6655642200293137},RELATED_TO
288315,241289,{'time': 1.6655642200293137},RELATED_TO
288315,241277,{'time': 1.6655642200293137},RELATED_TO
288315,241379,{'time': 1.6655642200293137},RELATED_TO
288315,241367,{'time': 1.6655642200293137},RELATED_TO
288315,241481,{'time': 1.6655642200293137},RELATED_TO
288315,241491,{'time': 1.6655642200293137},RELATED_TO
288315,241637,{'time': 1.6655642200293137},RELATED_TO
288333,241289,{'time': 1.6655642200293137},RELATED_TO
288333,241277,{'time': 1.6655642200293137},RELATED_TO
288333,241379,{'time': 1.6655642200293137},RELATED_TO
288333,241367,{'time': 1.6655642200293137},RELATED_TO
288333,241481,{'time': 1.6655642200293137},RELATED_TO
288333,241491,{'time': 1.6655642200293137},RELATED_TO
288333,241637,{'time': 1.6655642200293137},RELATED_TO
288351,241289,{'time': 1.6655642200293137},RELATED_TO
288351,241277,{'time': 1.6655642200293137},RELATED_TO
288351,241379,{'time': 1.6655642200293137},RELATED_TO
288351,241367,{'time': 1.6655642200293137},RELATED_TO
288351,241481,{'time': 1.6655642200293137},RELATED_TO
288351,241491,{'time': 1.6655642200293137},RELATED_TO
288351,241637,{'time': 1.6655642200293137},RELATED_TO
288405,241289,{'time': 1.6655642200293137},RELATED_TO
288405,241277,{'time': 1.6655642200293137},RELATED_TO
288405,241379,{'time': 1.6655642200293137},RELATED_TO
288405,241367,{'time': 1.6655642200293137},RELATED_TO
288405,241481,{'time': 1.6655642200293137},RELATED_TO
288405,241491,{'time': 1.6655642200293137},RELATED_TO
288405,241637,{'time': 1.6655642200293137},RELATED_TO
288387,241289,{'time': 1.6655642200293137},RELATED_TO
288387,241277,{'time': 1.6655642200293137},RELATED_TO
288387,241379,{'time': 1.6655642200293137},RELATED_TO
288387,241367,{'time': 1.6655642200293137},RELATED_TO
288387,241481,{'time': 1.6655642200293137},RELATED_TO
288387,241491,{'time': 1.6655642200293137},RELATED_TO
288387,241637,{'time': 1.6655642200293137},RELATED_TO
288369,241289,{'time': 1.6655642200293137},RELATED_TO
288369,241277,{'time': 1.6655642200293137},RELATED_TO
288369,241379,{'time': 1.6655642200293137},RELATED_TO
288369,241367,{'time': 1.6655642200293137},RELATED_TO
288369,241481,{'time': 1.6655642200293137},RELATED_TO
288369,241491,{'time': 1.6655642200293137},RELATED_TO
288369,241637,{'time': 1.6655642200293137},RELATED_TO
288423,241289,{'time': 1.6655642200293137},RELATED_TO
288423,241277,{'time': 1.6655642200293137},RELATED_TO
288423,241379,{'time': 1.6655642200293137},RELATED_TO
288423,241367,{'time': 1.6655642200293137},RELATED_TO
288423,241481,{'time': 1.6655642200293137},RELATED_TO
288423,241491,{'time': 1.6655642200293137},RELATED_TO
288423,241637,{'time': 1.6655642200293137},RELATED_TO
241289,236248,{'time': 2.360190352500001},RELATED_TO
241289,236308,{'time': 2.360190352500001},RELATED_TO
241289,236329,{'time': 2.360190352500001},RELATED_TO
241289,236268,{'time': 2.360190352500001},RELATED_TO
241289,236288,{'time': 2.360190352500001},RELATED_TO
241289,236349,{'time': 2.360190352500001},RELATED_TO
241277,236248,{'time': 2.360190352500001},RELATED_TO
241277,236308,{'time': 2.360190352500001},RELATED_TO
241277,236329,{'time': 2.360190352500001},RELATED_TO
241277,236268,{'time': 2.360190352500001},RELATED_TO
241277,236288,{'time': 2.360190352500001},RELATED_TO
241277,236349,{'time': 2.360190352500001},RELATED_TO
241379,236248,{'time': 2.360190352500001},RELATED_TO
241379,236308,{'time': 2.360190352500001},RELATED_TO
241379,236329,{'time': 2.360190352500001},RELATED_TO
241379,236268,{'time': 2.360190352500001},RELATED_TO
241379,236288,{'time': 2.360190352500001},RELATED_TO
241379,236349,{'time': 2.360190352500001},RELATED_TO
241367,236248,{'time': 2.360190352500001},RELATED_TO
241367,236308,{'time': 2.360190352500001},RELATED_TO
241367,236329,{'time': 2.360190352500001},RELATED_TO
241367,236268,{'time': 2.360190352500001},RELATED_TO
241367,236288,{'time': 2.360190352500001},RELATED_TO
241367,236349,{'time': 2.360190352500001},RELATED_TO
241481,236248,{'time': 2.360190352500001},RELATED_TO
241481,236308,{'time': 2.360190352500001},RELATED_TO
241481,236329,{'time': 2.360190352500001},RELATED_TO
241481,236268,{'time': 2.360190352500001},RELATED_TO
241481,236288,{'time': 2.360190352500001},RELATED_TO
241481,236349,{'time': 2.360190352500001},RELATED_TO
241491,236248,{'time': 2.360190352500001},RELATED_TO
241491,236308,{'time': 2.360190352500001},RELATED_TO
241491,236329,{'time': 2.360190352500001},RELATED_TO
241491,236268,{'time': 2.360190352500001},RELATED_TO
241491,236288,{'time': 2.360190352500001},RELATED_TO
241491,236349,{'time': 2.360190352500001},RELATED_TO
241637,236248,{'time': 2.360190352500001},RELATED_TO
241637,236308,{'time': 2.360190352500001},RELATED_TO
241637,236329,{'time': 2.360190352500001},RELATED_TO
241637,236268,{'time': 2.360190352500001},RELATED_TO
241637,236288,{'time': 2.360190352500001},RELATED_TO
241637,236349,{'time': 2.360190352500001},RELATED_TO
236248,288495,{'time': 101.66687999999999},RELATED_TO
236308,288495,{'time': 101.66687999999999},RELATED_TO
236329,288495,{'time': 101.66687999999999},RELATED_TO
236268,288495,{'time': 101.66687999999999},RELATED_TO
236288,288495,{'time': 101.66687999999999},RELATED_TO
236349,288495,{'time': 101.66687999999999},RELATED_TO
288495,241727,{'time': 1.6655642200293137},RELATED_TO
288495,241717,{'time': 1.6655642200293137},RELATED_TO
288495,241783,{'time': 1.6655642200293137},RELATED_TO
288495,241907,{'time': 1.6655642200293137},RELATED_TO
288495,241885,{'time': 1.6655642200293137},RELATED_TO
288495,241897,{'time': 1.6655642200293137},RELATED_TO
241727,236390,{'time': 2.360190352500001},RELATED_TO
241727,236369,{'time': 2.360190352500001},RELATED_TO
241727,236410,{'time': 2.360190352500001},RELATED_TO
241727,236450,{'time': 2.360190352500001},RELATED_TO
241727,236430,{'time': 2.360190352500001},RELATED_TO
241727,236470,{'time': 2.360190352500001},RELATED_TO
241717,236390,{'time': 2.360190352500001},RELATED_TO
241717,236369,{'time': 2.360190352500001},RELATED_TO
241717,236410,{'time': 2.360190352500001},RELATED_TO
241717,236450,{'time': 2.360190352500001},RELATED_TO
241717,236430,{'time': 2.360190352500001},RELATED_TO
241717,236470,{'time': 2.360190352500001},RELATED_TO
241783,236390,{'time': 2.360190352500001},RELATED_TO
241783,236369,{'time': 2.360190352500001},RELATED_TO
241783,236410,{'time': 2.360190352500001},RELATED_TO
241783,236450,{'time': 2.360190352500001},RELATED_TO
241783,236430,{'time': 2.360190352500001},RELATED_TO
241783,236470,{'time': 2.360190352500001},RELATED_TO
241907,236390,{'time': 2.360190352500001},RELATED_TO
241907,236369,{'time': 2.360190352500001},RELATED_TO
241907,236410,{'time': 2.360190352500001},RELATED_TO
241907,236450,{'time': 2.360190352500001},RELATED_TO
241907,236430,{'time': 2.360190352500001},RELATED_TO
241907,236470,{'time': 2.360190352500001},RELATED_TO
241885,236390,{'time': 2.360190352500001},RELATED_TO
241885,236369,{'time': 2.360190352500001},RELATED_TO
241885,236410,{'time': 2.360190352500001},RELATED_TO
241885,236450,{'time': 2.360190352500001},RELATED_TO
241885,236430,{'time': 2.360190352500001},RELATED_TO
241885,236470,{'time': 2.360190352500001},RELATED_TO
241897,236390,{'time': 2.360190352500001},RELATED_TO
241897,236369,{'time': 2.360190352500001},RELATED_TO
241897,236410,{'time': 2.360190352500001},RELATED_TO
241897,236450,{'time': 2.360190352500001},RELATED_TO
241897,236430,{'time': 2.360190352500001},RELATED_TO
241897,236470,{'time': 2.360190352500001},RELATED_TO
236390,288693,{'time': 72.61919999999999},RELATED_TO
236390,288747,{'time': 4.841279999999999},RELATED_TO
236369,288693,{'time': 72.61919999999999},RELATED_TO
236369,288747,{'time': 4.841279999999999},RELATED_TO
236410,288693,{'time': 72.61919999999999},RELATED_TO
236410,288747,{'time': 4.841279999999999},RELATED_TO
236450,288693,{'time': 72.61919999999999},RELATED_TO
236450,288747,{'time': 4.841279999999999},RELATED_TO
236430,288693,{'time': 72.61919999999999},RELATED_TO
236430,288747,{'time': 4.841279999999999},RELATED_TO
236470,288693,{'time': 72.61919999999999},RELATED_TO
236470,288747,{'time': 4.841279999999999},RELATED_TO
288693,241941,{'time': 1.6655642200293137},RELATED_TO
288693,241963,{'time': 1.6655642200293137},RELATED_TO
288693,241953,{'time': 1.6655642200293137},RELATED_TO
288693,241975,{'time': 1.6655642200293137},RELATED_TO
288693,242009,{'time': 1.6655642200293137},RELATED_TO
288693,241997,{'time': 1.6655642200293137},RELATED_TO
288747,241941,{'time': 1.6655642200293137},RELATED_TO
288747,241963,{'time': 1.6655642200293137},RELATED_TO
288747,241953,{'time': 1.6655642200293137},RELATED_TO
288747,241975,{'time': 1.6655642200293137},RELATED_TO
288747,242009,{'time': 1.6655642200293137},RELATED_TO
288747,241997,{'time': 1.6655642200293137},RELATED_TO
